13,FID   0    <br>   ZONA_POLI   13,"-58.501444,-34.543037,0.0 -58.502355,-34.542597,0.0 -58.503843,-34.543443,0.0 -58.504017,-34.543454,0.0 -58.50473,-34.543787,0.0 -58.504827,-34.543824,0.0 -58.50486,-34.543834,0.0 -58.505659,-34.544194,0.0 -58.505746,-34.544232,0.0 -58.506826,-34.544713,0.0 -58.50688,-34.54474,0.0 -58.507841,-34.545184,0.0 -58.507906,-34.545203,0.0 -58.507971,-34.545231,0.0 -58.508695,-34.545573,0.0 -58.508986,-34.545693,0.0 -58.509073,-34.545721,0.0 -58.509824,-34.545757,0.0 -58.509889,-34.545758,0.0 -58.509921,-34.545767,0.0 -58.510786,-34.546164,0.0 -58.51085,-34.54621,0.0 -58.510893,-34.546238,0.0 -58.511336,-34.546432,0.0 -58.51139,-34.54646,0.0 -58.511412,-34.546469,0.0 -58.5122,-34.546848,0.0 -58.512265,-34.546866,0.0 -58.512287,-34.546876,0.0 -58.512913,-34.547189,0.0 -58.512977,-34.547226,0.0 -58.51301,-34.547245,0.0 -58.513636,-34.547558,0.0 -58.513701,-34.547577,0.0 -58.513744,-34.547596,0.0 -58.514644,-34.547786,0.0 -58.514721,-34.547787,0.0 -58.514764,-34.547797,0.0 -58.515347,-34.548083,0.0 -58.515412,-34.548101,0.0 -58.515898,-34.548359,0.0 -58.515941,-34.548396,0.0 -58.515962,-34.548414,0.0 -58.516167,-34.548507,0.0 -58.516232,-34.548543,0.0 -58.516254,-34.548553,0.0 -58.517172,-34.548987,0.0 -58.517215,-34.549005,0.0 -58.518025,-34.549375,0.0 -58.518922,-34.549791,0.0 -58.519926,-34.550253,0.0 -58.520013,-34.550281,0.0 -58.520056,-34.5503,0.0 -58.521039,-34.550744,0.0 -58.521093,-34.550771,0.0 -58.521147,-34.550799,0.0 -58.522174,-34.55127,0.0 -58.523492,-34.551871,0.0 -58.523622,-34.551909,0.0 -58.523242,-34.552464,0.0 -58.523209,-34.552508,0.0 -58.522817,-34.553099,0.0 -58.522806,-34.553126,0.0 -58.522194,-34.553885,0.0 -58.522139,-34.553947,0.0 -58.521572,-34.554644,0.0 -58.521182,-34.555127,0.0 -58.520747,-34.555735,0.0 -58.520279,-34.556387,0.0 -58.519843,-34.557022,0.0 -58.519565,-34.557389,0.0 -58.519052,-34.558077,0.0 -58.518223,-34.559196,0.0 -58.517887,-34.559648,0.0 -58.51744,-34.560243,0.0 -58.516645,-34.56129,0.0 -58.516029,-34.562102,0.0 -58.51585,-34.562346,0.0 -58.515066,-34.563392,0.0 -58.514271,-34.564466,0.0 -58.513755,-34.565152,0.0 -58.513251,-34.565847,0.0 -58.513151,-34.565974,0.0 -58.513128,-34.56601,0.0 -58.512327,-34.566729,0.0 -58.511581,-34.567413,0.0 -58.510813,-34.568114,0.0 -58.509851,-34.569359,0.0 -58.509146,-34.568218,0.0 -58.508481,-34.567064,0.0 -58.508057,-34.566428,0.0 -58.503868,-34.557007,0.0 -58.503813,-34.556952,0.0 -58.503417,-34.556112,0.0 -58.502848,-34.554986,0.0 -58.501832,-34.552619,0.0 -58.500974,-34.550426,0.0 -58.50079,-34.549659,0.0 -58.500722,-34.549538,0.0 -58.500593,-34.549419,0.0 -58.500232,-34.54827,0.0 -58.499757,-34.548039,0.0 -58.49921,-34.548826,0.0 -58.499167,-34.548798,0.0 -58.498498,-34.548475,0.0 -58.498433,-34.548438,0.0 -58.498368,-34.548411,0.0 -58.497698,-34.548096,0.0 -58.497634,-34.548069,0.0 -58.496424,-34.547496,0.0 -58.49637,-34.547468,0.0 -58.495615,-34.547099,0.0 -58.495475,-34.546998,0.0 -58.495563,-34.546278,0.0 -58.49562,-34.546143,0.0 -58.496,-34.545589,0.0 -58.496056,-34.54549,0.0 -58.496079,-34.545454,0.0 -58.496279,-34.545204,0.0 -58.496503,-34.544837,0.0 -58.496704,-34.544551,0.0 -58.500258,-34.543664,0.0 -58.50084,-34.543364,0.0 -58.501444,-34.543037,0.0",Polygon Outer Boundary,
12,FID   1    <br>   ZONA_POLI   12,"-58.526602,-34.545037,0.0 -58.525688,-34.547551,0.0 -58.525334,-34.548521,0.0 -58.524649,-34.550415,0.0 -58.524626,-34.550451,0.0 -58.52418,-34.551104,0.0 -58.523622,-34.551909,0.0 -58.523492,-34.551871,0.0 -58.522174,-34.55127,0.0 -58.521147,-34.550799,0.0 -58.521093,-34.550771,0.0 -58.521039,-34.550744,0.0 -58.520056,-34.5503,0.0 -58.520013,-34.550281,0.0 -58.519926,-34.550253,0.0 -58.518922,-34.549791,0.0 -58.518025,-34.549375,0.0 -58.517215,-34.549005,0.0 -58.517172,-34.548987,0.0 -58.516254,-34.548553,0.0 -58.516232,-34.548543,0.0 -58.516167,-34.548507,0.0 -58.515962,-34.548414,0.0 -58.515941,-34.548396,0.0 -58.515898,-34.548359,0.0 -58.515412,-34.548101,0.0 -58.515347,-34.548083,0.0 -58.514764,-34.547797,0.0 -58.514721,-34.547787,0.0 -58.514644,-34.547786,0.0 -58.513744,-34.547596,0.0 -58.513701,-34.547577,0.0 -58.513636,-34.547558,0.0 -58.51301,-34.547245,0.0 -58.512977,-34.547226,0.0 -58.512913,-34.547189,0.0 -58.512287,-34.546876,0.0 -58.512265,-34.546866,0.0 -58.5122,-34.546848,0.0 -58.511412,-34.546469,0.0 -58.51139,-34.54646,0.0 -58.511336,-34.546432,0.0 -58.510893,-34.546238,0.0 -58.51085,-34.54621,0.0 -58.510786,-34.546164,0.0 -58.509921,-34.545767,0.0 -58.509889,-34.545758,0.0 -58.509824,-34.545757,0.0 -58.509073,-34.545721,0.0 -58.508986,-34.545693,0.0 -58.508695,-34.545573,0.0 -58.507971,-34.545231,0.0 -58.507906,-34.545203,0.0 -58.507841,-34.545184,0.0 -58.50688,-34.54474,0.0 -58.506826,-34.544713,0.0 -58.505746,-34.544232,0.0 -58.505659,-34.544194,0.0 -58.50486,-34.543834,0.0 -58.504827,-34.543824,0.0 -58.50473,-34.543787,0.0 -58.504017,-34.543454,0.0 -58.503843,-34.543443,0.0 -58.502355,-34.542597,0.0 -58.502586,-34.542482,0.0 -58.502937,-34.542306,0.0 -58.503653,-34.541855,0.0 -58.511846,-34.537676,0.0 -58.511852,-34.537673,0.0 -58.511965,-34.537731,0.0 -58.513832,-34.538636,0.0 -58.515776,-34.539578,0.0 -58.517481,-34.540426,0.0 -58.51855,-34.54097,0.0 -58.519424,-34.541422,0.0 -58.520072,-34.541745,0.0 -58.521604,-34.542511,0.0 -58.523245,-34.543341,0.0 -58.523925,-34.543682,0.0 -58.526602,-34.545037,0.0",Polygon Outer Boundary,
7,FID   2    <br>   ZONA_POLI   7,"-58.505463,-34.532203,0.0 -58.506155,-34.531192,0.0 -58.506252,-34.531247,0.0 -58.507278,-34.531737,0.0 -58.507375,-34.531774,0.0 -58.50744,-34.531802,0.0 -58.508477,-34.5323,0.0 -58.508542,-34.532328,0.0 -58.508606,-34.532365,0.0 -58.509124,-34.532623,0.0 -58.509966,-34.533047,0.0 -58.510129,-34.533058,0.0 -58.510281,-34.533114,0.0 -58.511338,-34.53364,0.0 -58.512072,-34.534009,0.0 -58.512979,-34.534461,0.0 -58.51341,-34.534682,0.0 -58.514565,-34.535255,0.0 -58.515116,-34.535531,0.0 -58.51558,-34.535771,0.0 -58.514646,-34.536256,0.0 -58.512702,-34.537289,0.0 -58.511846,-34.537676,0.0 -58.503653,-34.541855,0.0 -58.502937,-34.542306,0.0 -58.502586,-34.542482,0.0 -58.502355,-34.542597,0.0 -58.501444,-34.543037,0.0 -58.50084,-34.543364,0.0 -58.500258,-34.543664,0.0 -58.496704,-34.544551,0.0 -58.496254,-34.544104,0.0 -58.496747,-34.543335,0.0 -58.497394,-34.542404,0.0 -58.497405,-34.542396,0.0 -58.498172,-34.54153,0.0 -58.498904,-34.540718,0.0 -58.499272,-34.540876,0.0 -58.499785,-34.540151,0.0 -58.499841,-34.54008,0.0 -58.499896,-34.540017,0.0 -58.499963,-34.539955,0.0 -58.500384,-34.539491,0.0 -58.500629,-34.53916,0.0 -58.500641,-34.539143,0.0 -58.500763,-34.538982,0.0 -58.501199,-34.538347,0.0 -58.501511,-34.537918,0.0 -58.501824,-34.537461,0.0 -58.502426,-34.536594,0.0 -58.502449,-34.536549,0.0 -58.503074,-34.535655,0.0 -58.503688,-34.534778,0.0 -58.504056,-34.534242,0.0 -58.504235,-34.533973,0.0 -58.504671,-34.533338,0.0 -58.504827,-34.533106,0.0 -58.505173,-34.532623,0.0 -58.505463,-34.532203,0.0",Polygon Outer Boundary,
5,FID   3    <br>   ZONA_POLI   5,"-58.480085,-34.530592,0.0 -58.48057,-34.529669,0.0 -58.481476,-34.530113,0.0 -58.481552,-34.53015,0.0 -58.48207,-34.53039,0.0 -58.482609,-34.530658,0.0 -58.482674,-34.530686,0.0 -58.483819,-34.531222,0.0 -58.483873,-34.531249,0.0 -58.484499,-34.531545,0.0 -58.485082,-34.531822,0.0 -58.485103,-34.531832,0.0 -58.486205,-34.532349,0.0 -58.486269,-34.532377,0.0 -58.487403,-34.532913,0.0 -58.487479,-34.53295,0.0 -58.487554,-34.532987,0.0 -58.488601,-34.533477,0.0 -58.488666,-34.533505,0.0 -58.488742,-34.533542,0.0 -58.489811,-34.53405,0.0 -58.489886,-34.534087,0.0 -58.48994,-34.534115,0.0 -58.491085,-34.534651,0.0 -58.492262,-34.535205,0.0 -58.493363,-34.535723,0.0 -58.49346,-34.535769,0.0 -58.494626,-34.536324,0.0 -58.495846,-34.536897,0.0 -58.497034,-34.537451,0.0 -58.498243,-34.538024,0.0 -58.498308,-34.538052,0.0 -58.49941,-34.538569,0.0 -58.499463,-34.538597,0.0 -58.499452,-34.538624,0.0 -58.499363,-34.538731,0.0 -58.499285,-34.538829,0.0 -58.499197,-34.538928,0.0 -58.499119,-34.539017,0.0 -58.499041,-34.539106,0.0 -58.498963,-34.539186,0.0 -58.498897,-34.539267,0.0 -58.49883,-34.539338,0.0 -58.498764,-34.5394,0.0 -58.498731,-34.539427,0.0 -58.498708,-34.539463,0.0 -58.498653,-34.539525,0.0 -58.498608,-34.539579,0.0 -58.498564,-34.539632,0.0 -58.498519,-34.539686,0.0 -58.498486,-34.539731,0.0 -58.498441,-34.539784,0.0 -58.498397,-34.539829,0.0 -58.498363,-34.539882,0.0 -58.498319,-34.539936,0.0 -58.498286,-34.539981,0.0 -58.498241,-34.540034,0.0 -58.498208,-34.540079,0.0 -58.498174,-34.540124,0.0 -58.498141,-34.540168,0.0 -58.498118,-34.540204,0.0 -58.498085,-34.54024,0.0 -58.498063,-34.540267,0.0 -58.498041,-34.540293,0.0 -58.49803,-34.540302,0.0 -58.498018,-34.54032,0.0 -58.497985,-34.540356,0.0 -58.497963,-34.540392,0.0 -58.497919,-34.540427,0.0 -58.497885,-34.540472,0.0 -58.49783,-34.540534,0.0 -58.497774,-34.540588,0.0 -58.497719,-34.540659,0.0 -58.497652,-34.540731,0.0 -58.497586,-34.540793,0.0 -58.49753,-34.540865,0.0 -58.497475,-34.540918,0.0 -58.497419,-34.540971,0.0 -58.497375,-34.541016,0.0 -58.497331,-34.541061,0.0 -58.497298,-34.541087,0.0 -58.497275,-34.541105,0.0 -58.497264,-34.541123,0.0 -58.497231,-34.54115,0.0 -58.497198,-34.541185,0.0 -58.497164,-34.54123,0.0 -58.497109,-34.541283,0.0 -58.497054,-34.541346,0.0 -58.496998,-34.541417,0.0 -58.496931,-34.541489,0.0 -58.496854,-34.541578,0.0 -58.496776,-34.541676,0.0 -58.496698,-34.541774,0.0 -58.496609,-34.541873,0.0 -58.49652,-34.541989,0.0 -58.496442,-34.542087,0.0 -58.496364,-34.542194,0.0 -58.496275,-34.542301,0.0 -58.496197,-34.542409,0.0 -58.496119,-34.542525,0.0 -58.49603,-34.542632,0.0 -58.495952,-34.542739,0.0 -58.495873,-34.542847,0.0 -58.49584,-34.542891,0.0 -58.495795,-34.542954,0.0 -58.495717,-34.543061,0.0 -58.495639,-34.543168,0.0 -58.495561,-34.543267,0.0 -58.495494,-34.543356,0.0 -58.495428,-34.543445,0.0 -58.495372,-34.543526,0.0 -58.495316,-34.543597,0.0 -58.495271,-34.54366,0.0 -58.495216,-34.543722,0.0 -58.495171,-34.543776,0.0 -58.495105,-34.543856,0.0 -58.495027,-34.543946,0.0 -58.494938,-34.544071,0.0 -58.494805,-34.544214,0.0 -58.49466,-34.544401,0.0 -58.493733,-34.54551,0.0 -58.492731,-34.545758,0.0 -58.491997,-34.545416,0.0 -58.491932,-34.545388,0.0 -58.491273,-34.545092,0.0 -58.491219,-34.545064,0.0 -58.490571,-34.544777,0.0 -58.490484,-34.54474,0.0 -58.489847,-34.544454,0.0 -58.489771,-34.544426,0.0 -58.489101,-34.544129,0.0 -58.489069,-34.544111,0.0 -58.488388,-34.543833,0.0 -58.488345,-34.543814,0.0 -58.487642,-34.543526,0.0 -58.48761,-34.543508,0.0 -58.486831,-34.543201,0.0 -58.486767,-34.543174,0.0 -58.485999,-34.542876,0.0 -58.485977,-34.542867,0.0 -58.485221,-34.542552,0.0 -58.485123,-34.542514,0.0 -58.484507,-34.542255,0.0 -58.484486,-34.542246,0.0 -58.483773,-34.541931,0.0 -58.483686,-34.541894,0.0 -58.483114,-34.541644,0.0 -58.48306,-34.541616,0.0 -58.482853,-34.541605,0.0 -58.481321,-34.540994,0.0 -58.48063,-34.540506,0.0 -58.48036,-34.540385,0.0 -58.478849,-34.53962,0.0 -58.478784,-34.539583,0.0 -58.478148,-34.539269,0.0 -58.478094,-34.539241,0.0 -58.477468,-34.538918,0.0 -58.477425,-34.538891,0.0 -58.477328,-34.538844,0.0 -58.476367,-34.538364,0.0 -58.476217,-34.538273,0.0 -58.477152,-34.536435,0.0 -58.477186,-34.536373,0.0 -58.47766,-34.53545,0.0 -58.477693,-34.535396,0.0 -58.478145,-34.534455,0.0 -58.478156,-34.534446,0.0 -58.478552,-34.533603,0.0 -58.478575,-34.533558,0.0 -58.478834,-34.533066,0.0 -58.479036,-34.53268,0.0 -58.479093,-34.532555,0.0 -58.47915,-34.532429,0.0 -58.479545,-34.531632,0.0 -58.479567,-34.531596,0.0 -58.480052,-34.530646,0.0 -58.480085,-34.530592,0.0",Polygon Outer Boundary,
17,FID   4    <br>   ZONA_POLI   17,"-58.542913,-34.526091,0.0 -58.54605,-34.523561,0.0 -58.546788,-34.524178,0.0 -58.547528,-34.524818,0.0 -58.548161,-34.525356,0.0 -58.549213,-34.526252,0.0 -58.54961,-34.52659,0.0 -58.550533,-34.527366,0.0 -58.551156,-34.527887,0.0 -58.55122,-34.527942,0.0 -58.551284,-34.527996,0.0 -58.551864,-34.528481,0.0 -58.551907,-34.528517,0.0 -58.552519,-34.529029,0.0 -58.552551,-34.529056,0.0 -58.553184,-34.529586,0.0 -58.553249,-34.529641,0.0 -58.553807,-34.530098,0.0 -58.553882,-34.530171,0.0 -58.553871,-34.53018,0.0 -58.552866,-34.531034,0.0 -58.551861,-34.531897,0.0 -58.551364,-34.532325,0.0 -58.550691,-34.532894,0.0 -58.550117,-34.533392,0.0 -58.549476,-34.533935,0.0 -58.548836,-34.534478,0.0 -58.548217,-34.535003,0.0 -58.547577,-34.535546,0.0 -58.547301,-34.535795,0.0 -58.546947,-34.536089,0.0 -58.546318,-34.536632,0.0 -58.545809,-34.537077,0.0 -58.545059,-34.537708,0.0 -58.543811,-34.538776,0.0 -58.543523,-34.539034,0.0 -58.542673,-34.539764,0.0 -58.542629,-34.5398,0.0 -58.542562,-34.539862,0.0 -58.542241,-34.540165,0.0 -58.541733,-34.540628,0.0 -58.541556,-34.540788,0.0 -58.541324,-34.540993,0.0 -58.540705,-34.541536,0.0 -58.540661,-34.541572,0.0 -58.540119,-34.542088,0.0 -58.539368,-34.542738,0.0 -58.539047,-34.543023,0.0 -58.538782,-34.543254,0.0 -58.537721,-34.544171,0.0 -58.537593,-34.544025,0.0 -58.53754,-34.543971,0.0 -58.537369,-34.543788,0.0 -58.536813,-34.543187,0.0 -58.536011,-34.542295,0.0 -58.535733,-34.542003,0.0 -58.53523,-34.541493,0.0 -58.535144,-34.541402,0.0 -58.534225,-34.540391,0.0 -58.533562,-34.539698,0.0 -58.533454,-34.539625,0.0 -58.533411,-34.539597,0.0 -58.532614,-34.53911,0.0 -58.53256,-34.539074,0.0 -58.531731,-34.538559,0.0 -58.531677,-34.538523,0.0 -58.531031,-34.53811,0.0 -58.530783,-34.537954,0.0 -58.529867,-34.537385,0.0 -58.529825,-34.537294,0.0 -58.530162,-34.536676,0.0 -58.530185,-34.536631,0.0 -58.530534,-34.535941,0.0 -58.530849,-34.535313,0.0 -58.531187,-34.534668,0.0 -58.531243,-34.53456,0.0 -58.531299,-34.534453,0.0 -58.531604,-34.533798,0.0 -58.531518,-34.533779,0.0 -58.530834,-34.533672,0.0 -58.530715,-34.533626,0.0 -58.53077,-34.533554,0.0 -58.530872,-34.532672,0.0 -58.530935,-34.532159,0.0 -58.530986,-34.531736,0.0 -58.530987,-34.5317,0.0 -58.530989,-34.531592,0.0 -58.531078,-34.530799,0.0 -58.531079,-34.530745,0.0 -58.531092,-34.530655,0.0 -58.531116,-34.530502,0.0 -58.531144,-34.530115,0.0 -58.531183,-34.529782,0.0 -58.531237,-34.529453,0.0 -58.53337,-34.529166,0.0 -58.534821,-34.528966,0.0 -58.536163,-34.528792,0.0 -58.53697,-34.528684,0.0 -58.538214,-34.528518,0.0 -58.538343,-34.528591,0.0 -58.538868,-34.52848,0.0 -58.539283,-34.528376,0.0 -58.539567,-34.528289,0.0 -58.540334,-34.528019,0.0 -58.540729,-34.527807,0.0 -58.540762,-34.527789,0.0 -58.541632,-34.527231,0.0 -58.541623,-34.527113,0.0 -58.541623,-34.527095,0.0 -58.542913,-34.526091,0.0",Polygon Outer Boundary,
8,FID 5 <br> ZONA_POLI 8,"-58.527302,-34.523058,0.0 -58.527916,-34.522137,0.0 -58.527943,-34.522149,0.0 -58.528823,-34.522552,0.0 -58.529082,-34.522699,0.0 -58.529135,-34.522763,0.0 -58.530039,-34.523395,0.0 -58.531115,-34.524138,0.0 -58.531179,-34.524184,0.0 -58.530659,-34.524701,0.0 -58.530128,-34.525226,0.0 -58.530117,-34.525244,0.0 -58.530006,-34.525351,0.0 -58.529519,-34.525815,0.0 -58.531332,-34.527097,0.0 -58.531367,-34.527891,0.0 -58.531383,-34.528252,0.0 -58.531332,-34.528657,0.0 -58.531244,-34.529341,0.0 -58.531237,-34.529453,0.0 -58.531183,-34.529782,0.0 -58.531144,-34.530115,0.0 -58.531116,-34.530502,0.0 -58.531092,-34.530655,0.0 -58.531079,-34.530745,0.0 -58.531078,-34.530799,0.0 -58.530989,-34.531592,0.0 -58.530987,-34.5317,0.0 -58.530986,-34.531736,0.0 -58.530935,-34.532159,0.0 -58.530872,-34.532672,0.0 -58.53077,-34.533554,0.0 -58.530715,-34.533626,0.0 -58.530834,-34.533672,0.0 -58.531518,-34.533779,0.0 -58.531604,-34.533798,0.0 -58.531299,-34.534453,0.0 -58.531243,-34.53456,0.0 -58.531187,-34.534668,0.0 -58.530849,-34.535313,0.0 -58.530534,-34.535941,0.0 -58.530185,-34.536631,0.0 -58.530162,-34.536676,0.0 -58.529825,-34.537294,0.0 -58.529748,-34.537374,0.0 -58.5295,-34.537831,0.0 -58.528248,-34.537213,0.0 -58.52719,-34.536696,0.0 -58.526154,-34.536189,0.0 -58.526132,-34.536179,0.0 -58.525074,-34.535663,0.0 -58.524038,-34.535155,0.0 -58.524005,-34.535137,0.0 -58.522958,-34.53462,0.0 -58.521911,-34.534103,0.0 -58.521879,-34.534085,0.0 -58.520562,-34.533439,0.0 -58.520281,-34.533309,0.0 -58.520076,-34.533208,0.0 -58.519752,-34.533051,0.0 -58.520577,-34.531888,0.0 -58.521414,-34.530699,0.0 -58.522217,-34.529581,0.0 -58.522284,-34.529483,0.0 -58.522295,-34.529474,0.0 -58.522841,-34.528714,0.0 -58.523432,-34.527918,0.0 -58.523944,-34.527221,0.0 -58.524,-34.527149,0.0 -58.524044,-34.527087,0.0 -58.524557,-34.52638,0.0 -58.525125,-34.525603,0.0 -58.525137,-34.525585,0.0 -58.525526,-34.525066,0.0 -58.525549,-34.525039,0.0 -58.525794,-34.524718,0.0 -58.526428,-34.523904,0.0 -58.526665,-34.524015,0.0 -58.527302,-34.523058,0.0",Polygon Outer Boundary,
6,FID   6    <br>   ZONA_POLI   6,"-58.484759,-34.522129,0.0 -58.485283,-34.520926,0.0 -58.485477,-34.521027,0.0 -58.48606,-34.521323,0.0 -58.486675,-34.521627,0.0 -58.487236,-34.521904,0.0 -58.487765,-34.522163,0.0 -58.488402,-34.522468,0.0 -58.488542,-34.522541,0.0 -58.489081,-34.522809,0.0 -58.489794,-34.52316,0.0 -58.489815,-34.523169,0.0 -58.490625,-34.523566,0.0 -58.490765,-34.523658,0.0 -58.490872,-34.523731,0.0 -58.491865,-34.524221,0.0 -58.492005,-34.524294,0.0 -58.492221,-34.524396,0.0 -58.493052,-34.524811,0.0 -58.49316,-34.524867,0.0 -58.494161,-34.525362,0.0 -58.494455,-34.525504,0.0 -58.495178,-34.525864,0.0 -58.49548,-34.526011,0.0 -58.496657,-34.526575,0.0 -58.496743,-34.526621,0.0 -58.497498,-34.52699,0.0 -58.497822,-34.527147,0.0 -58.497898,-34.527184,0.0 -58.498805,-34.527618,0.0 -58.49901,-34.52772,0.0 -58.499139,-34.527785,0.0 -58.500208,-34.528302,0.0 -58.500283,-34.528339,0.0 -58.501384,-34.528874,0.0 -58.50146,-34.528911,0.0 -58.502594,-34.529447,0.0 -58.502615,-34.529456,0.0 -58.503781,-34.53002,0.0 -58.503921,-34.530093,0.0 -58.504817,-34.530518,0.0 -58.504958,-34.530592,0.0 -58.504913,-34.530664,0.0 -58.504835,-34.53078,0.0 -58.504757,-34.530887,0.0 -58.504679,-34.530995,0.0 -58.5046,-34.531111,0.0 -58.504533,-34.531218,0.0 -58.504455,-34.531335,0.0 -58.504366,-34.531451,0.0 -58.504287,-34.531576,0.0 -58.504265,-34.531612,0.0 -58.504198,-34.53171,0.0 -58.504109,-34.531844,0.0 -58.504008,-34.531978,0.0 -58.503919,-34.532113,0.0 -58.50383,-34.532247,0.0 -58.50374,-34.532372,0.0 -58.503651,-34.532497,0.0 -58.503629,-34.532515,0.0 -58.503573,-34.532613,0.0 -58.503495,-34.53273,0.0 -58.503417,-34.532828,0.0 -58.50335,-34.532926,0.0 -58.503294,-34.533016,0.0 -58.503227,-34.533096,0.0 -58.503182,-34.533168,0.0 -58.503127,-34.533239,0.0 -58.503082,-34.533293,0.0 -58.503049,-34.533347,0.0 -58.503026,-34.533373,0.0 -58.503015,-34.5334,0.0 -58.502982,-34.533445,0.0 -58.502959,-34.533481,0.0 -58.502926,-34.533526,0.0 -58.502892,-34.53357,0.0 -58.502859,-34.533624,0.0 -58.502814,-34.533678,0.0 -58.502781,-34.533731,0.0 -58.502736,-34.533794,0.0 -58.502691,-34.533865,0.0 -58.502636,-34.533937,0.0 -58.502591,-34.534009,0.0 -58.502535,-34.534089,0.0 -58.502479,-34.534169,0.0 -58.502457,-34.534196,0.0 -58.502423,-34.53425,0.0 -58.502368,-34.53433,0.0 -58.502301,-34.53442,0.0 -58.502245,-34.534509,0.0 -58.502178,-34.534608,0.0 -58.5021,-34.534706,0.0 -58.502033,-34.534813,0.0 -58.501955,-34.53493,0.0 -58.501876,-34.535046,0.0 -58.501843,-34.535091,0.0 -58.501787,-34.535162,0.0 -58.501709,-34.535287,0.0 -58.50162,-34.535404,0.0 -58.501542,-34.53552,0.0 -58.501463,-34.535636,0.0 -58.501396,-34.535735,0.0 -58.50134,-34.535824,0.0 -58.501285,-34.535896,0.0 -58.50124,-34.535967,0.0 -58.501229,-34.535985,0.0 -58.501206,-34.536021,0.0 -58.501173,-34.536075,0.0 -58.501139,-34.536119,0.0 -58.501117,-34.536164,0.0 -58.501083,-34.536209,0.0 -58.50105,-34.536262,0.0 -58.501005,-34.536325,0.0 -58.50096,-34.536388,0.0 -58.500916,-34.536459,0.0 -58.500871,-34.536531,0.0 -58.500826,-34.536593,0.0 -58.500781,-34.536665,0.0 -58.500737,-34.536728,0.0 -58.500703,-34.536781,0.0 -58.50067,-34.536826,0.0 -58.500647,-34.536871,0.0 -58.500636,-34.536907,0.0 -58.500613,-34.536943,0.0 -58.500591,-34.536978,0.0 -58.500568,-34.537023,0.0 -58.500546,-34.537068,0.0 -58.500512,-34.537122,0.0 -58.500479,-34.537184,0.0 -58.500423,-34.537256,0.0 -58.500367,-34.537336,0.0 -58.500311,-34.537426,0.0 -58.500244,-34.537524,0.0 -58.500177,-34.537623,0.0 -58.500099,-34.53773,0.0 -58.500032,-34.53781,0.0 -58.500021,-34.537837,0.0 -58.499943,-34.537954,0.0 -58.499865,-34.53807,0.0 -58.499786,-34.538177,0.0 -58.499697,-34.538293,0.0 -58.499619,-34.53841,0.0 -58.49953,-34.538517,0.0 -58.499463,-34.538597,0.0 -58.49941,-34.538569,0.0 -58.498308,-34.538052,0.0 -58.498243,-34.538024,0.0 -58.497034,-34.537451,0.0 -58.495846,-34.536897,0.0 -58.494626,-34.536324,0.0 -58.49346,-34.535769,0.0 -58.493363,-34.535723,0.0 -58.492262,-34.535205,0.0 -58.491085,-34.534651,0.0 -58.48994,-34.534115,0.0 -58.489886,-34.534087,0.0 -58.489811,-34.53405,0.0 -58.488742,-34.533542,0.0 -58.488666,-34.533505,0.0 -58.488601,-34.533477,0.0 -58.487554,-34.532987,0.0 -58.487479,-34.53295,0.0 -58.487403,-34.532913,0.0 -58.486269,-34.532377,0.0 -58.486205,-34.532349,0.0 -58.485103,-34.531832,0.0 -58.485082,-34.531822,0.0 -58.484499,-34.531545,0.0 -58.483873,-34.531249,0.0 -58.483819,-34.531222,0.0 -58.482674,-34.530686,0.0 -58.482609,-34.530658,0.0 -58.48207,-34.53039,0.0 -58.481552,-34.53015,0.0 -58.481476,-34.530113,0.0 -58.48057,-34.529669,0.0 -58.482166,-34.52674,0.0 -58.482245,-34.526588,0.0 -58.482661,-34.525844,0.0 -58.483189,-34.524922,0.0 -58.483728,-34.523946,0.0 -58.484257,-34.522951,0.0 -58.484759,-34.522129,0.0",Polygon Outer Boundary,
15,FID 7 <br> ZONA_POLI 15,"-58.466191,-34.522099,0.0 -58.467402,-34.519637,0.0 -58.469755,-34.520735,0.0 -58.471299,-34.521447,0.0 -58.471871,-34.521715,0.0 -58.471936,-34.521743,0.0 -58.47212,-34.521826,0.0 -58.473372,-34.522427,0.0 -58.473771,-34.522621,0.0 -58.473922,-34.522695,0.0 -58.474613,-34.523028,0.0 -58.475703,-34.523545,0.0 -58.475746,-34.523573,0.0 -58.476815,-34.524081,0.0 -58.4773,-34.524312,0.0 -58.477829,-34.524571,0.0 -58.478714,-34.524987,0.0 -58.478844,-34.525043,0.0 -58.479869,-34.525541,0.0 -58.480884,-34.526022,0.0 -58.48205,-34.526576,0.0 -58.482166,-34.52674,0.0 -58.48057,-34.529669,0.0 -58.480085,-34.530592,0.0 -58.480052,-34.530646,0.0 -58.479567,-34.531596,0.0 -58.479545,-34.531632,0.0 -58.47915,-34.532429,0.0 -58.479093,-34.532555,0.0 -58.479036,-34.53268,0.0 -58.478834,-34.533066,0.0 -58.478575,-34.533558,0.0 -58.478552,-34.533603,0.0 -58.478156,-34.534446,0.0 -58.478145,-34.534455,0.0 -58.477693,-34.535396,0.0 -58.47766,-34.53545,0.0 -58.477186,-34.536373,0.0 -58.477152,-34.536435,0.0 -58.476217,-34.538273,0.0 -58.476022,-34.538216,0.0 -58.475005,-34.537835,0.0 -58.474962,-34.537816,0.0 -58.474367,-34.537593,0.0 -58.474302,-34.537565,0.0 -58.473426,-34.537275,0.0 -58.473361,-34.537247,0.0 -58.473307,-34.537229,0.0 -58.47124,-34.536537,0.0 -58.469823,-34.53598,0.0 -58.46978,-34.535961,0.0 -58.469694,-34.535924,0.0 -58.468787,-34.535499,0.0 -58.468711,-34.535462,0.0 -58.468366,-34.535322,0.0 -58.468161,-34.535212,0.0 -58.468064,-34.535139,0.0 -58.467978,-34.535093,0.0 -58.467828,-34.534956,0.0 -58.467655,-34.534899,0.0 -58.465202,-34.534377,0.0 -58.463607,-34.533734,0.0 -58.457857,-34.526636,0.0 -58.462853,-34.525547,0.0 -58.465469,-34.523309,0.0 -58.466191,-34.522099,0.0",Polygon Outer Boundary,
19,FID   8    <br>   ZONA_POLI   19,"-58.538543,-34.517361,0.0 -58.538676,-34.517263,0.0 -58.539394,-34.517875,0.0 -58.539877,-34.518286,0.0 -58.540049,-34.518442,0.0 -58.54065,-34.518953,0.0 -58.540693,-34.51899,0.0 -58.54154,-34.519729,0.0 -58.542387,-34.520469,0.0 -58.542441,-34.520515,0.0 -58.543256,-34.521218,0.0 -58.544126,-34.521958,0.0 -58.544244,-34.522058,0.0 -58.545027,-34.522716,0.0 -58.545939,-34.523484,0.0 -58.54605,-34.523561,0.0 -58.542913,-34.526091,0.0 -58.541623,-34.527095,0.0 -58.541623,-34.527113,0.0 -58.541632,-34.527231,0.0 -58.540762,-34.527789,0.0 -58.540729,-34.527807,0.0 -58.540334,-34.528019,0.0 -58.539567,-34.528289,0.0 -58.539283,-34.528376,0.0 -58.538868,-34.52848,0.0 -58.538343,-34.528591,0.0 -58.538214,-34.528518,0.0 -58.53697,-34.528684,0.0 -58.536163,-34.528792,0.0 -58.534821,-34.528966,0.0 -58.53337,-34.529166,0.0 -58.531237,-34.529453,0.0 -58.531244,-34.529341,0.0 -58.531332,-34.528657,0.0 -58.531383,-34.528252,0.0 -58.531367,-34.527891,0.0 -58.531332,-34.527097,0.0 -58.529519,-34.525815,0.0 -58.530006,-34.525351,0.0 -58.530117,-34.525244,0.0 -58.530128,-34.525226,0.0 -58.530659,-34.524701,0.0 -58.531179,-34.524184,0.0 -58.531689,-34.523675,0.0 -58.531441,-34.523492,0.0 -58.532072,-34.522895,0.0 -58.532868,-34.522138,0.0 -58.533411,-34.521612,0.0 -58.533908,-34.521149,0.0 -58.533952,-34.521123,0.0 -58.534018,-34.521087,0.0 -58.534625,-34.520589,0.0 -58.534835,-34.520411,0.0 -58.534901,-34.520358,0.0 -58.535177,-34.520127,0.0 -58.535586,-34.519771,0.0 -58.53563,-34.519744,0.0 -58.535873,-34.51954,0.0 -58.536402,-34.519113,0.0 -58.536485,-34.519028,0.0 -58.536502,-34.519006,0.0 -58.536965,-34.518641,0.0 -58.537098,-34.518526,0.0 -58.537142,-34.51849,0.0 -58.537705,-34.518046,0.0 -58.537815,-34.517957,0.0 -58.537826,-34.517948,0.0 -58.538543,-34.517361,0.0",Polygon Outer Boundary,
18,FID   9    <br>   ZONA_POLI   18,"-58.511877,-34.523339,0.0 -58.512866,-34.522001,0.0 -58.513132,-34.521734,0.0 -58.513145,-34.521713,0.0 -58.513154,-34.521698,0.0 -58.513863,-34.520976,0.0 -58.514484,-34.520325,0.0 -58.514916,-34.519888,0.0 -58.515746,-34.519077,0.0 -58.515768,-34.519051,0.0 -58.516653,-34.518195,0.0 -58.51693,-34.517928,0.0 -58.517472,-34.517393,0.0 -58.518159,-34.516716,0.0 -58.518302,-34.516627,0.0 -58.518357,-34.516592,0.0 -58.518609,-34.516487,0.0 -58.518784,-34.516408,0.0 -58.518949,-34.516346,0.0 -58.519573,-34.516128,0.0 -58.519585,-34.516029,0.0 -58.519672,-34.516075,0.0 -58.520082,-34.516269,0.0 -58.52019,-34.516315,0.0 -58.521183,-34.516768,0.0 -58.522101,-34.517184,0.0 -58.522663,-34.517443,0.0 -58.523073,-34.517628,0.0 -58.523786,-34.517952,0.0 -58.524035,-34.518063,0.0 -58.525223,-34.518608,0.0 -58.525363,-34.518664,0.0 -58.52546,-34.518701,0.0 -58.526681,-34.519265,0.0 -58.526724,-34.519283,0.0 -58.526756,-34.519302,0.0 -58.52775,-34.519755,0.0 -58.527804,-34.519782,0.0 -58.52789,-34.519828,0.0 -58.528927,-34.520291,0.0 -58.528358,-34.521123,0.0 -58.528324,-34.521167,0.0 -58.528291,-34.521239,0.0 -58.527744,-34.522061,0.0 -58.527916,-34.522137,0.0 -58.527302,-34.523058,0.0 -58.526665,-34.524015,0.0 -58.526428,-34.523904,0.0 -58.525794,-34.524718,0.0 -58.525549,-34.525039,0.0 -58.525526,-34.525066,0.0 -58.525137,-34.525585,0.0 -58.525125,-34.525603,0.0 -58.524557,-34.52638,0.0 -58.524044,-34.527087,0.0 -58.524,-34.527149,0.0 -58.523944,-34.527221,0.0 -58.523432,-34.527918,0.0 -58.522841,-34.528714,0.0 -58.521816,-34.528179,0.0 -58.520737,-34.527644,0.0 -58.519668,-34.527109,0.0 -58.518622,-34.526574,0.0 -58.517359,-34.525929,0.0 -58.515091,-34.524805,0.0 -58.511877,-34.523339,0.0",Polygon Outer Boundary,
1,FID   10    <br>   ZONA_POLI   1,"-58.488964,-34.513955,0.0 -58.489337,-34.513157,0.0 -58.48951,-34.513213,0.0 -58.489596,-34.51325,0.0 -58.490622,-34.51374,0.0 -58.490676,-34.513768,0.0 -58.49074,-34.513795,0.0 -58.491809,-34.514304,0.0 -58.491884,-34.514341,0.0 -58.493072,-34.514904,0.0 -58.493147,-34.514941,0.0 -58.494205,-34.515449,0.0 -58.494259,-34.515468,0.0 -58.494335,-34.515505,0.0 -58.495457,-34.516041,0.0 -58.495522,-34.516078,0.0 -58.496332,-34.516448,0.0 -58.496407,-34.516484,0.0 -58.497476,-34.517002,0.0 -58.497573,-34.517048,0.0 -58.498609,-34.517538,0.0 -58.499732,-34.518073,0.0 -58.499851,-34.518129,0.0 -58.500218,-34.518304,0.0 -58.500876,-34.518636,0.0 -58.501135,-34.518757,0.0 -58.501178,-34.518784,0.0 -58.502063,-34.519227,0.0 -58.50299,-34.519707,0.0 -58.503087,-34.519753,0.0 -58.503929,-34.520195,0.0 -58.503382,-34.520964,0.0 -58.50336,-34.520991,0.0 -58.502958,-34.521563,0.0 -58.502925,-34.521599,0.0 -58.502523,-34.522171,0.0 -58.502479,-34.522225,0.0 -58.502044,-34.522824,0.0 -58.501643,-34.523369,0.0 -58.501197,-34.523968,0.0 -58.501108,-34.524093,0.0 -58.500773,-34.524576,0.0 -58.50036,-34.525175,0.0 -58.499723,-34.52487,0.0 -58.499658,-34.524834,0.0 -58.499475,-34.52475,0.0 -58.499017,-34.525421,0.0 -58.498615,-34.525994,0.0 -58.498247,-34.52653,0.0 -58.497834,-34.52712,0.0 -58.497822,-34.527147,0.0 -58.497498,-34.52699,0.0 -58.496743,-34.526621,0.0 -58.496657,-34.526575,0.0 -58.49548,-34.526011,0.0 -58.495178,-34.525864,0.0 -58.494455,-34.525504,0.0 -58.494161,-34.525362,0.0 -58.49316,-34.524867,0.0 -58.493052,-34.524811,0.0 -58.492221,-34.524396,0.0 -58.492005,-34.524294,0.0 -58.491865,-34.524221,0.0 -58.490872,-34.523731,0.0 -58.490765,-34.523658,0.0 -58.490625,-34.523566,0.0 -58.489815,-34.523169,0.0 -58.489794,-34.52316,0.0 -58.489081,-34.522809,0.0 -58.488542,-34.522541,0.0 -58.488402,-34.522468,0.0 -58.487765,-34.522163,0.0 -58.487236,-34.521904,0.0 -58.486675,-34.521627,0.0 -58.48606,-34.521323,0.0 -58.485477,-34.521027,0.0 -58.485283,-34.520926,0.0 -58.485969,-34.519681,0.0 -58.486328,-34.519036,0.0 -58.486609,-34.518525,0.0 -58.486666,-34.518409,0.0 -58.486677,-34.5184,0.0 -58.487362,-34.517164,0.0 -58.48798,-34.516044,0.0 -58.488037,-34.515928,0.0 -58.488059,-34.515883,0.0 -58.488692,-34.514556,0.0 -58.488895,-34.514126,0.0 -58.488964,-34.513955,0.0",Polygon Outer Boundary,
16,FID   11    <br>   ZONA_POLI   16,"-58.526051,-34.510838,0.0 -58.526238,-34.510741,0.0 -58.52681,-34.511008,0.0 -58.527641,-34.511406,0.0 -58.527901,-34.511517,0.0 -58.528451,-34.511775,0.0 -58.528948,-34.512006,0.0 -58.529423,-34.512237,0.0 -58.529509,-34.512274,0.0 -58.530027,-34.512514,0.0 -58.53033,-34.512653,0.0 -58.530384,-34.512681,0.0 -58.531215,-34.51306,0.0 -58.530557,-34.514044,0.0 -58.531397,-34.514558,0.0 -58.531483,-34.514613,0.0 -58.53214,-34.51499,0.0 -58.532216,-34.515036,0.0 -58.533259,-34.51576,0.0 -58.533528,-34.515952,0.0 -58.533894,-34.516209,0.0 -58.534518,-34.516649,0.0 -58.535066,-34.517042,0.0 -58.535733,-34.517519,0.0 -58.535786,-34.517555,0.0 -58.536442,-34.518041,0.0 -58.536496,-34.518077,0.0 -58.537055,-34.518489,0.0 -58.537098,-34.518526,0.0 -58.536965,-34.518641,0.0 -58.536502,-34.519006,0.0 -58.536485,-34.519028,0.0 -58.536402,-34.519113,0.0 -58.535873,-34.51954,0.0 -58.53563,-34.519744,0.0 -58.535586,-34.519771,0.0 -58.535177,-34.520127,0.0 -58.534901,-34.520358,0.0 -58.534835,-34.520411,0.0 -58.534625,-34.520589,0.0 -58.534018,-34.521087,0.0 -58.533952,-34.521123,0.0 -58.533908,-34.521149,0.0 -58.533411,-34.521612,0.0 -58.532868,-34.522138,0.0 -58.532072,-34.522895,0.0 -58.531441,-34.523492,0.0 -58.531689,-34.523675,0.0 -58.531179,-34.524184,0.0 -58.531115,-34.524138,0.0 -58.530039,-34.523395,0.0 -58.529135,-34.522763,0.0 -58.529082,-34.522699,0.0 -58.528823,-34.522552,0.0 -58.527943,-34.522149,0.0 -58.527922,-34.52214,0.0 -58.527916,-34.522137,0.0 -58.527744,-34.522061,0.0 -58.528291,-34.521239,0.0 -58.528324,-34.521167,0.0 -58.528358,-34.521123,0.0 -58.528927,-34.520291,0.0 -58.52789,-34.519828,0.0 -58.527804,-34.519782,0.0 -58.52775,-34.519755,0.0 -58.526756,-34.519302,0.0 -58.526724,-34.519283,0.0 -58.526681,-34.519265,0.0 -58.52546,-34.518701,0.0 -58.525363,-34.518664,0.0 -58.525223,-34.518608,0.0 -58.524035,-34.518063,0.0 -58.523786,-34.517952,0.0 -58.523073,-34.517628,0.0 -58.522663,-34.517443,0.0 -58.522101,-34.517184,0.0 -58.521183,-34.516768,0.0 -58.52019,-34.516315,0.0 -58.520082,-34.516269,0.0 -58.519672,-34.516075,0.0 -58.519585,-34.516029,0.0 -58.519645,-34.515741,0.0 -58.519992,-34.515159,0.0 -58.520213,-34.51499,0.0 -58.520444,-34.514822,0.0 -58.520609,-34.514715,0.0 -58.520642,-34.514698,0.0 -58.520664,-34.51468,0.0 -58.520686,-34.514671,0.0 -58.520708,-34.514653,0.0 -58.520719,-34.514645,0.0 -58.520741,-34.514627,0.0 -58.520763,-34.514618,0.0 -58.520785,-34.5146,0.0 -58.520807,-34.514591,0.0 -58.520829,-34.514583,0.0 -58.520862,-34.514565,0.0 -58.520884,-34.514556,0.0 -58.520906,-34.514548,0.0 -58.520928,-34.514539,0.0 -58.52095,-34.51453,0.0 -58.520972,-34.514512,0.0 -58.520994,-34.514503,0.0 -58.521026,-34.514495,0.0 -58.521048,-34.514486,0.0 -58.52107,-34.514486,0.0 -58.521092,-34.514478,0.0 -58.521125,-34.514469,0.0 -58.521485,-34.514383,0.0 -58.521856,-34.51436,0.0 -58.523908,-34.514284,0.0 -58.524034,-34.514286,0.0 -58.524534,-34.514291,0.0 -58.52469,-34.514086,0.0 -58.52452,-34.513867,0.0 -58.524402,-34.513749,0.0 -58.524274,-34.513585,0.0 -58.524242,-34.51354,0.0 -58.524136,-34.513376,0.0 -58.524032,-34.513114,0.0 -58.524015,-34.512807,0.0 -58.524027,-34.512753,0.0 -58.524098,-34.51242,0.0 -58.524121,-34.512366,0.0 -58.524132,-34.512339,0.0 -58.524143,-34.512313,0.0 -58.524155,-34.512277,0.0 -58.524166,-34.51225,0.0 -58.524178,-34.512223,0.0 -58.524189,-34.512196,0.0 -58.5242,-34.512169,0.0 -58.524212,-34.512142,0.0 -58.524223,-34.512115,0.0 -58.524234,-34.512097,0.0 -58.524245,-34.512088,0.0 -58.524256,-34.512061,0.0 -58.524279,-34.512035,0.0 -58.52429,-34.512008,0.0 -58.524312,-34.511981,0.0 -58.524324,-34.511954,0.0 -58.524346,-34.511936,0.0 -58.524357,-34.511909,0.0 -58.524379,-34.511882,0.0 -58.524401,-34.511856,0.0 -58.524423,-34.511838,0.0 -58.524479,-34.511784,0.0 -58.524523,-34.511749,0.0 -58.524567,-34.511713,0.0 -58.524611,-34.511678,0.0 -58.524655,-34.511651,0.0 -58.524699,-34.511616,0.0 -58.524743,-34.51158,0.0 -58.524798,-34.511554,0.0 -58.52482,-34.511536,0.0 -58.524842,-34.511527,0.0 -58.524886,-34.511492,0.0 -58.524941,-34.511465,0.0 -58.524985,-34.511439,0.0 -58.525029,-34.511412,0.0 -58.525084,-34.511386,0.0 -58.525139,-34.511359,0.0 -58.525535,-34.511129,0.0 -58.526051,-34.510838,0.0",Polygon Outer Boundary,
10,FID   12    <br>   ZONA_POLI   10,"-58.513687,-34.506505,0.0 -58.514391,-34.505413,0.0 -58.514639,-34.505524,0.0 -58.514898,-34.505645,0.0 -58.515773,-34.506024,0.0 -58.515925,-34.506089,0.0 -58.517015,-34.506579,0.0 -58.517156,-34.506644,0.0 -58.51735,-34.506727,0.0 -58.517922,-34.506986,0.0 -58.518063,-34.50706,0.0 -58.519196,-34.507578,0.0 -58.519942,-34.507893,0.0 -58.520255,-34.508031,0.0 -58.520374,-34.508087,0.0 -58.521227,-34.508457,0.0 -58.521357,-34.508513,0.0 -58.522091,-34.508855,0.0 -58.522437,-34.509012,0.0 -58.522739,-34.50915,0.0 -58.52356,-34.50952,0.0 -58.523614,-34.509548,0.0 -58.52411,-34.50977,0.0 -58.524629,-34.510001,0.0 -58.524953,-34.510158,0.0 -58.524931,-34.510176,0.0 -58.524887,-34.510193,0.0 -58.524843,-34.51022,0.0 -58.524799,-34.510246,0.0 -58.524755,-34.510273,0.0 -58.524711,-34.5103,0.0 -58.524667,-34.510326,0.0 -58.524612,-34.510362,0.0 -58.524557,-34.510397,0.0 -58.524502,-34.510432,0.0 -58.524436,-34.510468,0.0 -58.52437,-34.510512,0.0 -58.524304,-34.510547,0.0 -58.524238,-34.510601,0.0 -58.52415,-34.510645,0.0 -58.524073,-34.510698,0.0 -58.523985,-34.510751,0.0 -58.523897,-34.510813,0.0 -58.52382,-34.510866,0.0 -58.523732,-34.51092,0.0 -58.523644,-34.510973,0.0 -58.523622,-34.51099,0.0 -58.523567,-34.511017,0.0 -58.523501,-34.511061,0.0 -58.523435,-34.511096,0.0 -58.52338,-34.511132,0.0 -58.523336,-34.511158,0.0 -58.523292,-34.511185,0.0 -58.523248,-34.511203,0.0 -58.523204,-34.51122,0.0 -58.523171,-34.511238,0.0 -58.523127,-34.511255,0.0 -58.523084,-34.511273,0.0 -58.523051,-34.51129,0.0 -58.523007,-34.511308,0.0 -58.522963,-34.511326,0.0 -58.52293,-34.511334,0.0 -58.522886,-34.511352,0.0 -58.522843,-34.511369,0.0 -58.52281,-34.511378,0.0 -58.522777,-34.511396,0.0 -58.522755,-34.511395,0.0 -58.522733,-34.511404,0.0 -58.5227,-34.511413,0.0 -58.522668,-34.511421,0.0 -58.522624,-34.51143,0.0 -58.522591,-34.511438,0.0 -58.522547,-34.511447,0.0 -58.522504,-34.511456,0.0 -58.52246,-34.511455,0.0 -58.522406,-34.511463,0.0 -58.522362,-34.511472,0.0 -58.522307,-34.51148,0.0 -58.522253,-34.51148,0.0 -58.522199,-34.511488,0.0 -58.522144,-34.511497,0.0 -58.5221,-34.511496,0.0 -58.522046,-34.511504,0.0 -58.521991,-34.511504,0.0 -58.521948,-34.511512,0.0 -58.521904,-34.511512,0.0 -58.521861,-34.51152,0.0 -58.521817,-34.51152,0.0 -58.521774,-34.511519,0.0 -58.52173,-34.511528,0.0 -58.521686,-34.511527,0.0 -58.521643,-34.511527,0.0 -58.52161,-34.511536,0.0 -58.521567,-34.511535,0.0 -58.521534,-34.511535,0.0 -58.52149,-34.511543,0.0 -58.521447,-34.511543,0.0 -58.521414,-34.511542,0.0 -58.521371,-34.511542,0.0 -58.521327,-34.511541,0.0 -58.521283,-34.51155,0.0 -58.521229,-34.511549,0.0 -58.521175,-34.511549,0.0 -58.521109,-34.511548,0.0 -58.521033,-34.511547,0.0 -58.520957,-34.511555,0.0 -58.520859,-34.511554,0.0 -58.52075,-34.511562,0.0 -58.520641,-34.511561,0.0 -58.520521,-34.511568,0.0 -58.520402,-34.511567,0.0 -58.520271,-34.511574,0.0 -58.520151,-34.511573,0.0 -58.52002,-34.511581,0.0 -58.519988,-34.51158,0.0 -58.519901,-34.511588,0.0 -58.51977,-34.511587,0.0 -58.519661,-34.511595,0.0 -58.519552,-34.511593,0.0 -58.519454,-34.511601,0.0 -58.519356,-34.5116,0.0 -58.51928,-34.511608,0.0 -58.519214,-34.511616,0.0 -58.51916,-34.511616,0.0 -58.519116,-34.511624,0.0 -58.519084,-34.511633,0.0 -58.519121,-34.511651,0.0 -58.519154,-34.511674,0.0 -58.519153,-34.511692,0.0 -58.519175,-34.511711,0.0 -58.519185,-34.511738,0.0 -58.519217,-34.511774,0.0 -58.519238,-34.511811,0.0 -58.51927,-34.511847,0.0 -58.519291,-34.511892,0.0 -58.519323,-34.511929,0.0 -58.519355,-34.511974,0.0 -58.519387,-34.51202,0.0 -58.519419,-34.512065,0.0 -58.51944,-34.51211,0.0 -58.519472,-34.512147,0.0 -58.519504,-34.512192,0.0 -58.519525,-34.512229,0.0 -58.519546,-34.512274,0.0 -58.519567,-34.51231,0.0 -58.519588,-34.512346,0.0 -58.51961,-34.512374,0.0 -58.519631,-34.51241,0.0 -58.519641,-34.512446,0.0 -58.519651,-34.512473,0.0 -58.519673,-34.512501,0.0 -58.519683,-34.512537,0.0 -58.519693,-34.512564,0.0 -58.519704,-34.512591,0.0 -58.519725,-34.512618,0.0 -58.519735,-34.512655,0.0 -58.519746,-34.512682,0.0 -58.519756,-34.512709,0.0 -58.519767,-34.512745,0.0 -58.519777,-34.512772,0.0 -58.519787,-34.512799,0.0 -58.519798,-34.512836,0.0 -58.519808,-34.512863,0.0 -58.519819,-34.51289,0.0 -58.519818,-34.512917,0.0 -58.519828,-34.512944,0.0 -58.519839,-34.512962,0.0 -58.519839,-34.512989,0.0 -58.519849,-34.513016,0.0 -58.519848,-34.513053,0.0 -58.519859,-34.51308,0.0 -58.519858,-34.513107,0.0 -58.519869,-34.513134,0.0 -58.519868,-34.51317,0.0 -58.519868,-34.513197,0.0 -58.519867,-34.513233,0.0 -58.519877,-34.513269,0.0 -58.519877,-34.513296,0.0 -58.519865,-34.513332,0.0 -58.519865,-34.513359,0.0 -58.519864,-34.513395,0.0 -58.519864,-34.513422,0.0 -58.519852,-34.513449,0.0 -58.519852,-34.513485,0.0 -58.519841,-34.513512,0.0 -58.51984,-34.513539,0.0 -58.519829,-34.513566,0.0 -58.519817,-34.513593,0.0 -58.519817,-34.51362,0.0 -58.519806,-34.513638,0.0 -58.519794,-34.513665,0.0 -58.519783,-34.513692,0.0 -58.519772,-34.513719,0.0 -58.519761,-34.513737,0.0 -58.519694,-34.51379,0.0 -58.519667,-34.513808,0.0 -58.519661,-34.513826,0.0 -58.519639,-34.513843,0.0 -58.519617,-34.513875,0.0 -58.5196,-34.513906,0.0 -58.519567,-34.513924,0.0 -58.519534,-34.513946,0.0 -58.519512,-34.513973,0.0 -58.519489,-34.514,0.0 -58.519467,-34.514017,0.0 -58.519445,-34.514044,0.0 -58.519412,-34.514071,0.0 -58.51939,-34.514098,0.0 -58.519368,-34.514124,0.0 -58.519346,-34.514142,0.0 -58.519312,-34.514169,0.0 -58.51929,-34.514196,0.0 -58.519268,-34.514213,0.0 -58.519246,-34.51424,0.0 -58.519213,-34.514258,0.0 -58.519191,-34.514285,0.0 -58.519169,-34.514302,0.0 -58.519136,-34.514329,0.0 -58.519113,-34.514347,0.0 -58.519091,-34.514374,0.0 -58.519069,-34.514391,0.0 -58.519036,-34.514418,0.0 -58.519014,-34.514436,0.0 -58.518992,-34.514454,0.0 -58.518959,-34.51448,0.0 -58.518937,-34.514498,0.0 -58.518915,-34.514516,0.0 -58.518882,-34.514534,0.0 -58.51886,-34.514551,0.0 -58.518827,-34.514569,0.0 -58.518805,-34.514587,0.0 -58.518772,-34.514604,0.0 -58.518761,-34.514613,0.0 -58.518739,-34.514622,0.0 -58.518706,-34.51464,0.0 -58.518684,-34.514657,0.0 -58.518651,-34.514666,0.0 -58.518618,-34.514684,0.0 -58.518585,-34.514701,0.0 -58.518552,-34.51471,0.0 -58.518508,-34.514728,0.0 -58.518476,-34.514736,0.0 -58.518443,-34.514745,0.0 -58.51841,-34.514754,0.0 -58.518366,-34.514771,0.0 -58.518333,-34.51478,0.0 -58.518301,-34.514788,0.0 -58.518257,-34.514797,0.0 -58.518213,-34.514805,0.0 -58.51817,-34.514814,0.0 -58.518126,-34.514822,0.0 -58.518071,-34.514822,0.0 -58.518017,-34.51483,0.0 -58.517962,-34.514839,0.0 -58.517908,-34.514838,0.0 -58.517853,-34.514846,0.0 -58.517799,-34.514855,0.0 -58.517744,-34.514854,0.0 -58.51769,-34.514863,0.0 -58.517625,-34.514862,0.0 -58.517581,-34.51487,0.0 -58.517527,-34.51487,0.0 -58.517483,-34.514878,0.0 -58.517428,-34.514878,0.0 -58.517385,-34.514886,0.0 -58.517352,-34.514886,0.0 -58.517319,-34.514885,0.0 -58.517287,-34.514894,0.0 -58.517254,-34.514894,0.0 -58.517232,-34.514893,0.0 -58.51721,-34.514902,0.0 -58.517189,-34.514902,0.0 -58.517167,-34.514911,0.0 -58.517145,-34.51491,0.0 -58.517134,-34.514919,0.0 -58.517123,-34.514928,0.0 -58.517112,-34.514946,0.0 -58.517111,-34.514973,0.0 -58.517122,-34.514982,0.0 -58.517122,-34.515,0.0 -58.517132,-34.515018,0.0 -58.517154,-34.515037,0.0 -58.517164,-34.515055,0.0 -58.517175,-34.515073,0.0 -58.517185,-34.515091,0.0 -58.517207,-34.515109,0.0 -58.517218,-34.515119,0.0 -58.517228,-34.515137,0.0 -58.517239,-34.515146,0.0 -58.517249,-34.515164,0.0 -58.517271,-34.515173,0.0 -58.517282,-34.515191,0.0 -58.517292,-34.515201,0.0 -58.517314,-34.515219,0.0 -58.517324,-34.515228,0.0 -58.517335,-34.515246,0.0 -58.517357,-34.515255,0.0 -58.517367,-34.515274,0.0 -58.517389,-34.515292,0.0 -58.517399,-34.51531,0.0 -58.517421,-34.515337,0.0 -58.517431,-34.515355,0.0 -58.517442,-34.515374,0.0 -58.517463,-34.515392,0.0 -58.517474,-34.515419,0.0 -58.517484,-34.515437,0.0 -58.517495,-34.515455,0.0 -58.517505,-34.515473,0.0 -58.517516,-34.515492,0.0 -58.517516,-34.51551,0.0 -58.517526,-34.515519,0.0 -58.517526,-34.515537,0.0 -58.517537,-34.515555,0.0 -58.517536,-34.515582,0.0 -58.517536,-34.5156,0.0 -58.517525,-34.515618,0.0 -58.517524,-34.515636,0.0 -58.517513,-34.515654,0.0 -58.517513,-34.515681,0.0 -58.517501,-34.515699,0.0 -58.51749,-34.515726,0.0 -58.517479,-34.515744,0.0 -58.517468,-34.51577,0.0 -58.517445,-34.515797,0.0 -58.517434,-34.515824,0.0 -58.517423,-34.515842,0.0 -58.517401,-34.515869,0.0 -58.517389,-34.515887,0.0 -58.517378,-34.515905,0.0 -58.517367,-34.515923,0.0 -58.517356,-34.515941,0.0 -58.517345,-34.515949,0.0 -58.517334,-34.515958,0.0 -58.517323,-34.515976,0.0 -58.517311,-34.515994,0.0 -58.5173,-34.516012,0.0 -58.517289,-34.516021,0.0 -58.517278,-34.51603,0.0 -58.517267,-34.516039,0.0 -58.517256,-34.516057,0.0 -58.517245,-34.516065,0.0 -58.517234,-34.516083,0.0 -58.517223,-34.516092,0.0 -58.517212,-34.516101,0.0 -58.5172,-34.516119,0.0 -58.517189,-34.516137,0.0 -58.517178,-34.516155,0.0 -58.517156,-34.516173,0.0 -58.517123,-34.516199,0.0 -58.517089,-34.516244,0.0 -58.517045,-34.51628,0.0 -58.517001,-34.516342,0.0 -58.516934,-34.516404,0.0 -58.516868,-34.516467,0.0 -58.51679,-34.516547,0.0 -58.516702,-34.516627,0.0 -58.516614,-34.516707,0.0 -58.516525,-34.516796,0.0 -58.516436,-34.516886,0.0 -58.516348,-34.516966,0.0 -58.516259,-34.517055,0.0 -58.51616,-34.517135,0.0 -58.516082,-34.517215,0.0 -58.515994,-34.517295,0.0 -58.515917,-34.517366,0.0 -58.515839,-34.517429,0.0 -58.515784,-34.517491,0.0 -58.515718,-34.517536,0.0 -58.515674,-34.51758,0.0 -58.515493,-34.517713,0.0 -58.515387,-34.517802,0.0 -58.51532,-34.517865,0.0 -58.515243,-34.517927,0.0 -58.515166,-34.517998,0.0 -58.515088,-34.51806,0.0 -58.515,-34.518131,0.0 -58.514934,-34.518203,0.0 -58.514856,-34.518265,0.0 -58.51479,-34.518327,0.0 -58.514746,-34.518372,0.0 -58.514691,-34.518416,0.0 -58.514657,-34.518452,0.0 -58.514613,-34.518506,0.0 -58.514591,-34.518532,0.0 -58.514568,-34.518559,0.0 -58.514547,-34.518568,0.0 -58.514535,-34.518586,0.0 -58.514524,-34.518595,0.0 -58.514502,-34.518612,0.0 -58.51448,-34.51863,0.0 -58.514458,-34.518648,0.0 -58.514425,-34.518684,0.0 -58.514381,-34.518719,0.0 -58.514325,-34.518773,0.0 -58.514259,-34.518844,0.0 -58.51417,-34.518933,0.0 -58.514071,-34.519031,0.0 -58.51396,-34.519147,0.0 -58.513838,-34.519272,0.0 -58.513705,-34.519406,0.0 -58.513572,-34.519548,0.0 -58.513428,-34.519691,0.0 -58.513417,-34.5197,0.0 -58.513284,-34.519843,0.0 -58.51314,-34.519985,0.0 -58.512996,-34.520137,0.0 -58.512852,-34.520279,0.0 -58.512708,-34.520422,0.0 -58.512586,-34.520556,0.0 -58.512453,-34.52068,0.0 -58.512342,-34.520796,0.0 -58.512298,-34.520832,0.0 -58.512243,-34.520894,0.0 -58.512154,-34.520984,0.0 -58.512077,-34.521064,0.0 -58.51201,-34.521126,0.0 -58.511955,-34.521189,0.0 -58.511911,-34.521233,0.0 -58.511866,-34.521278,0.0 -58.511833,-34.521313,0.0 -58.5118,-34.521349,0.0 -58.511767,-34.521376,0.0 -58.511733,-34.521411,0.0 -58.511711,-34.521438,0.0 -58.511678,-34.521465,0.0 -58.511656,-34.521501,0.0 -58.511622,-34.521527,0.0 -58.5116,-34.521563,0.0 -58.511567,-34.521599,0.0 -58.511534,-34.521635,0.0 -58.5115,-34.521679,0.0 -58.511456,-34.521724,0.0 -58.511422,-34.521769,0.0 -58.511378,-34.521813,0.0 -58.511345,-34.521858,0.0 -58.5113,-34.521902,0.0 -58.511267,-34.521947,0.0 -58.511234,-34.521992,0.0 -58.511211,-34.522028,0.0 -58.5112,-34.522036,0.0 -58.511178,-34.522063,0.0 -58.511145,-34.522099,0.0 -58.511111,-34.522144,0.0 -58.511078,-34.522188,0.0 -58.511044,-34.522233,0.0 -58.511,-34.522287,0.0 -58.510944,-34.522349,0.0 -58.5109,-34.522412,0.0 -58.510844,-34.522483,0.0 -58.510789,-34.522555,0.0 -58.510722,-34.522626,0.0 -58.510666,-34.522697,0.0 -58.510611,-34.522769,0.0 -58.510555,-34.52284,0.0 -58.5105,-34.522903,0.0 -58.510455,-34.522965,0.0 -58.51041,-34.523028,0.0 -58.510366,-34.523082,0.0 -58.510321,-34.523135,0.0 -58.510288,-34.52318,0.0 -58.510255,-34.523225,0.0 -58.510232,-34.52326,0.0 -58.51021,-34.523296,0.0 -58.510188,-34.523323,0.0 -58.510165,-34.52335,0.0 -58.510154,-34.523359,0.0 -58.510154,-34.523377,0.0 -58.510132,-34.523403,0.0 -58.51012,-34.52343,0.0 -58.510098,-34.523457,0.0 -58.510076,-34.523493,0.0 -58.510054,-34.52352,0.0 -58.510031,-34.523556,0.0 -58.510009,-34.5236,0.0 -58.509975,-34.523636,0.0 -58.509942,-34.523681,0.0 -58.509909,-34.523725,0.0 -58.509875,-34.52377,0.0 -58.509842,-34.523824,0.0 -58.509808,-34.523869,0.0 -58.509764,-34.523922,0.0 -58.50973,-34.523976,0.0 -58.509697,-34.524021,0.0 -58.509664,-34.524047,0.0 -58.509652,-34.524074,0.0 -58.509619,-34.524128,0.0 -58.509574,-34.524181,0.0 -58.509541,-34.524235,0.0 -58.509496,-34.52428,0.0 -58.509463,-34.524333,0.0 -58.509418,-34.524387,0.0 -58.509385,-34.524432,0.0 -58.50934,-34.524485,0.0 -58.509307,-34.524539,0.0 -58.509262,-34.524602,0.0 -58.509207,-34.524664,0.0 -58.509162,-34.524727,0.0 -58.509117,-34.524798,0.0 -58.509062,-34.52487,0.0 -58.509006,-34.524941,0.0 -58.50895,-34.525022,0.0 -58.508884,-34.525102,0.0 -58.508828,-34.525173,0.0 -58.508772,-34.525254,0.0 -58.508761,-34.525263,0.0 -58.508716,-34.525334,0.0 -58.50866,-34.525415,0.0 -58.508605,-34.525486,0.0 -58.508549,-34.525558,0.0 -58.508494,-34.52562,0.0 -58.508449,-34.525683,0.0 -58.508405,-34.525737,0.0 -58.50836,-34.525781,0.0 -58.508327,-34.525817,0.0 -58.508294,-34.525852,0.0 -58.50825,-34.525861,0.0 -58.50825,-34.525879,0.0 -58.508217,-34.525915,0.0 -58.508172,-34.525959,0.0 -58.508117,-34.526013,0.0 -58.50805,-34.526084,0.0 -58.507983,-34.526173,0.0 -58.507895,-34.526281,0.0 -58.507783,-34.526415,0.0 -58.507683,-34.526558,0.0 -58.507572,-34.52671,0.0 -58.50746,-34.526862,0.0 -58.50736,-34.526996,0.0 -58.507349,-34.527014,0.0 -58.507259,-34.527148,0.0 -58.507181,-34.527264,0.0 -58.507114,-34.527362,0.0 -58.507069,-34.527443,0.0 -58.507035,-34.527515,0.0 -58.507013,-34.52756,0.0 -58.50699,-34.527595,0.0 -58.506978,-34.527649,0.0 -58.506956,-34.527685,0.0 -58.506945,-34.527721,0.0 -58.506911,-34.527766,0.0 -58.506889,-34.527811,0.0 -58.506855,-34.527855,0.0 -58.506822,-34.527909,0.0 -58.506788,-34.527954,0.0 -58.506755,-34.528007,0.0 -58.50671,-34.528052,0.0 -58.506688,-34.528097,0.0 -58.506654,-34.528132,0.0 -58.506632,-34.528168,0.0 -58.50661,-34.528204,0.0 -58.506587,-34.52824,0.0 -58.506565,-34.528267,0.0 -58.506543,-34.528302,0.0 -58.50652,-34.528338,0.0 -58.506498,-34.528374,0.0 -58.506465,-34.528419,0.0 -58.506442,-34.528464,0.0 -58.506398,-34.528517,0.0 -58.506364,-34.528571,0.0 -58.506319,-34.528624,0.0 -58.506275,-34.528687,0.0 -58.50623,-34.52875,0.0 -58.506186,-34.528803,0.0 -58.506141,-34.528884,0.0 -58.506085,-34.528955,0.0 -58.506029,-34.529036,0.0 -58.505974,-34.529116,0.0 -58.505918,-34.529206,0.0 -58.505851,-34.529304,0.0 -58.505795,-34.529385,0.0 -58.505784,-34.529403,0.0 -58.505706,-34.52951,0.0 -58.505616,-34.529635,0.0 -58.505538,-34.52976,0.0 -58.505449,-34.529886,0.0 -58.505371,-34.529975,0.0 -58.505348,-34.53002,0.0 -58.505259,-34.530154,0.0 -58.50517,-34.530288,0.0 -58.50508,-34.530413,0.0 -58.504991,-34.530538,0.0 -58.504958,-34.530592,0.0 -58.504817,-34.530518,0.0 -58.503921,-34.530093,0.0 -58.503781,-34.53002,0.0 -58.502615,-34.529456,0.0 -58.502594,-34.529447,0.0 -58.50146,-34.528911,0.0 -58.501384,-34.528874,0.0 -58.500283,-34.528339,0.0 -58.500208,-34.528302,0.0 -58.499139,-34.527785,0.0 -58.49901,-34.52772,0.0 -58.498805,-34.527618,0.0 -58.497898,-34.527184,0.0 -58.497822,-34.527147,0.0 -58.497834,-34.52712,0.0 -58.498247,-34.52653,0.0 -58.498615,-34.525994,0.0 -58.499017,-34.525421,0.0 -58.499475,-34.52475,0.0 -58.499658,-34.524834,0.0 -58.499723,-34.52487,0.0 -58.50036,-34.525175,0.0 -58.500773,-34.524576,0.0 -58.501108,-34.524093,0.0 -58.501197,-34.523968,0.0 -58.501643,-34.523369,0.0 -58.502044,-34.522824,0.0 -58.502479,-34.522225,0.0 -58.502523,-34.522171,0.0 -58.502925,-34.521599,0.0 -58.502958,-34.521563,0.0 -58.50336,-34.520991,0.0 -58.503382,-34.520964,0.0 -58.503929,-34.520195,0.0 -58.504398,-34.519479,0.0 -58.504454,-34.519381,0.0 -58.504477,-34.519327,0.0 -58.504812,-34.518862,0.0 -58.504856,-34.51879,0.0 -58.505224,-34.518317,0.0 -58.50528,-34.518209,0.0 -58.505324,-34.518156,0.0 -58.505803,-34.517512,0.0 -58.506327,-34.516824,0.0 -58.507248,-34.515131,0.0 -58.507852,-34.514218,0.0 -58.508466,-34.513297,0.0 -58.509047,-34.51242,0.0 -58.509628,-34.511543,0.0 -58.510209,-34.510666,0.0 -58.510812,-34.509754,0.0 -58.511304,-34.509011,0.0 -58.511784,-34.508295,0.0 -58.512354,-34.507436,0.0 -58.512926,-34.507695,0.0 -58.513318,-34.507087,0.0 -58.513687,-34.506505,0.0",Polygon Outer Boundary,
2,FID   13    <br>   ZONA_POLI   2,"-58.493189,-34.506278,0.0 -58.493661,-34.5054,0.0 -58.494655,-34.505854,0.0 -58.495604,-34.506297,0.0 -58.496501,-34.506704,0.0 -58.496576,-34.506741,0.0 -58.49663,-34.50676,0.0 -58.497537,-34.507176,0.0 -58.498487,-34.507611,0.0 -58.499448,-34.508055,0.0 -58.500398,-34.508498,0.0 -58.501348,-34.508933,0.0 -58.50138,-34.508951,0.0 -58.502298,-34.509368,0.0 -58.503281,-34.509821,0.0 -58.50422,-34.510255,0.0 -58.505181,-34.510699,0.0 -58.505224,-34.510717,0.0 -58.506142,-34.511125,0.0 -58.507125,-34.511569,0.0 -58.508064,-34.511985,0.0 -58.509047,-34.51242,0.0 -58.508466,-34.513297,0.0 -58.507852,-34.514218,0.0 -58.507248,-34.515131,0.0 -58.506327,-34.516824,0.0 -58.505803,-34.517512,0.0 -58.505324,-34.518156,0.0 -58.50528,-34.518209,0.0 -58.505224,-34.518317,0.0 -58.504856,-34.51879,0.0 -58.504812,-34.518862,0.0 -58.504477,-34.519327,0.0 -58.504454,-34.519381,0.0 -58.504398,-34.519479,0.0 -58.503929,-34.520195,0.0 -58.503087,-34.519753,0.0 -58.50299,-34.519707,0.0 -58.502063,-34.519227,0.0 -58.501178,-34.518784,0.0 -58.501135,-34.518757,0.0 -58.500876,-34.518636,0.0 -58.500218,-34.518304,0.0 -58.499851,-34.518129,0.0 -58.499732,-34.518073,0.0 -58.498609,-34.517538,0.0 -58.497573,-34.517048,0.0 -58.497476,-34.517002,0.0 -58.496407,-34.516484,0.0 -58.496332,-34.516448,0.0 -58.495522,-34.516078,0.0 -58.495457,-34.516041,0.0 -58.494335,-34.515505,0.0 -58.494259,-34.515468,0.0 -58.494205,-34.515449,0.0 -58.493147,-34.514941,0.0 -58.493072,-34.514904,0.0 -58.491884,-34.514341,0.0 -58.491809,-34.514304,0.0 -58.49074,-34.513795,0.0 -58.490676,-34.513768,0.0 -58.490622,-34.51374,0.0 -58.489596,-34.51325,0.0 -58.48951,-34.513213,0.0 -58.489337,-34.513157,0.0 -58.48937,-34.513094,0.0 -58.489863,-34.512289,0.0 -58.490345,-34.511492,0.0 -58.490379,-34.51142,0.0 -58.490401,-34.511394,0.0 -58.49085,-34.510624,0.0 -58.490872,-34.510588,0.0 -58.491242,-34.509961,0.0 -58.491343,-34.509791,0.0 -58.49159,-34.50937,0.0 -58.491624,-34.509316,0.0 -58.492186,-34.508259,0.0 -58.49222,-34.508205,0.0 -58.492637,-34.507381,0.0 -58.492671,-34.507309,0.0 -58.492704,-34.507255,0.0 -58.493166,-34.506332,0.0 -58.493189,-34.506278,0.0",Polygon Outer Boundary,
14,FID   14    <br>   ZONA_POLI   14,"-58.470491,-34.507255,0.0 -58.47209,-34.504779,0.0 -58.475924,-34.506636,0.0 -58.477542,-34.507439,0.0 -58.477834,-34.507569,0.0 -58.478114,-34.507708,0.0 -58.478568,-34.50792,0.0 -58.479409,-34.508318,0.0 -58.479615,-34.50841,0.0 -58.480219,-34.508706,0.0 -58.480413,-34.508798,0.0 -58.480661,-34.508918,0.0 -58.481449,-34.509324,0.0 -58.481502,-34.509352,0.0 -58.482355,-34.509758,0.0 -58.483316,-34.510211,0.0 -58.48338,-34.510248,0.0 -58.484297,-34.510701,0.0 -58.485171,-34.511134,0.0 -58.485247,-34.511171,0.0 -58.485322,-34.511208,0.0 -58.486207,-34.511642,0.0 -58.486779,-34.511937,0.0 -58.487081,-34.512076,0.0 -58.487146,-34.512104,0.0 -58.487232,-34.51215,0.0 -58.488106,-34.512584,0.0 -58.48816,-34.512612,0.0 -58.489185,-34.513101,0.0 -58.489337,-34.513157,0.0 -58.488964,-34.513955,0.0 -58.488895,-34.514126,0.0 -58.488692,-34.514556,0.0 -58.488059,-34.515883,0.0 -58.488037,-34.515928,0.0 -58.48798,-34.516044,0.0 -58.487362,-34.517164,0.0 -58.486677,-34.5184,0.0 -58.486666,-34.518409,0.0 -58.486609,-34.518525,0.0 -58.486328,-34.519036,0.0 -58.485969,-34.519681,0.0 -58.485283,-34.520926,0.0 -58.484759,-34.522129,0.0 -58.484257,-34.522951,0.0 -58.483728,-34.523946,0.0 -58.483189,-34.524922,0.0 -58.482661,-34.525844,0.0 -58.482245,-34.526588,0.0 -58.482166,-34.52674,0.0 -58.48205,-34.526576,0.0 -58.480884,-34.526022,0.0 -58.479869,-34.525541,0.0 -58.478844,-34.525043,0.0 -58.478714,-34.524987,0.0 -58.477829,-34.524571,0.0 -58.4773,-34.524312,0.0 -58.476815,-34.524081,0.0 -58.475746,-34.523573,0.0 -58.475703,-34.523545,0.0 -58.474613,-34.523028,0.0 -58.473922,-34.522695,0.0 -58.473771,-34.522621,0.0 -58.473372,-34.522427,0.0 -58.47212,-34.521826,0.0 -58.471936,-34.521743,0.0 -58.471871,-34.521715,0.0 -58.471299,-34.521447,0.0 -58.469755,-34.520735,0.0 -58.467402,-34.519637,0.0 -58.468532,-34.51734,0.0 -58.468838,-34.514669,0.0 -58.46846,-34.51397,0.0 -58.468849,-34.512326,0.0 -58.469868,-34.511003,0.0 -58.470039,-34.509285,0.0 -58.470491,-34.507255,0.0",Polygon Outer Boundary,
20,FID   15    <br>   ZONA_POLI   20,"-58.474949,-34.498093,0.0 -58.475281,-34.497309,0.0 -58.476361,-34.497762,0.0 -58.482552,-34.500358,0.0 -58.482628,-34.500377,0.0 -58.482973,-34.500534,0.0 -58.483071,-34.500581,0.0 -58.483675,-34.500858,0.0 -58.483848,-34.50095,0.0 -58.484128,-34.501071,0.0 -58.484269,-34.501126,0.0 -58.484431,-34.5012,0.0 -58.484895,-34.501413,0.0 -58.486374,-34.502089,0.0 -58.487335,-34.502523,0.0 -58.488285,-34.502949,0.0 -58.488296,-34.502958,0.0 -58.489235,-34.503384,0.0 -58.490196,-34.503828,0.0 -58.491167,-34.504263,0.0 -58.492117,-34.504697,0.0 -58.492485,-34.504864,0.0 -58.493078,-34.505132,0.0 -58.493661,-34.5054,0.0 -58.493189,-34.506278,0.0 -58.493166,-34.506332,0.0 -58.492704,-34.507255,0.0 -58.492671,-34.507309,0.0 -58.492637,-34.507381,0.0 -58.49222,-34.508205,0.0 -58.492186,-34.508259,0.0 -58.491624,-34.509316,0.0 -58.49159,-34.50937,0.0 -58.491343,-34.509791,0.0 -58.491242,-34.509961,0.0 -58.490872,-34.510588,0.0 -58.49085,-34.510624,0.0 -58.490401,-34.511394,0.0 -58.490379,-34.51142,0.0 -58.490345,-34.511492,0.0 -58.489863,-34.512289,0.0 -58.48937,-34.513094,0.0 -58.489337,-34.513157,0.0 -58.489185,-34.513101,0.0 -58.48816,-34.512612,0.0 -58.488106,-34.512584,0.0 -58.487232,-34.51215,0.0 -58.487146,-34.512104,0.0 -58.487081,-34.512076,0.0 -58.486779,-34.511937,0.0 -58.486207,-34.511642,0.0 -58.485322,-34.511208,0.0 -58.485247,-34.511171,0.0 -58.485171,-34.511134,0.0 -58.484297,-34.510701,0.0 -58.48338,-34.510248,0.0 -58.483316,-34.510211,0.0 -58.482355,-34.509758,0.0 -58.481502,-34.509352,0.0 -58.481449,-34.509324,0.0 -58.480661,-34.508918,0.0 -58.480413,-34.508798,0.0 -58.480219,-34.508706,0.0 -58.479615,-34.50841,0.0 -58.479409,-34.508318,0.0 -58.478568,-34.50792,0.0 -58.478114,-34.507708,0.0 -58.477834,-34.507569,0.0 -58.477542,-34.507439,0.0 -58.475924,-34.506636,0.0 -58.47209,-34.504779,0.0 -58.473801,-34.500943,0.0 -58.474544,-34.500093,0.0 -58.474949,-34.498093,0.0",Polygon Outer Boundary,
3,FID   16    <br>   ZONA_POLI   3,"-58.497567,-34.497732,0.0 -58.496984,-34.498885,0.0 -58.496669,-34.499476,0.0 -58.496387,-34.50005,0.0 -58.496354,-34.500104,0.0 -58.495896,-34.501047,0.0 -58.495486,-34.501807,0.0 -58.495419,-34.501905,0.0 -58.495158,-34.502551,0.0 -58.495136,-34.502587,0.0 -58.494629,-34.503546,0.0 -58.494168,-34.504415,0.0 -58.494145,-34.504469,0.0 -58.494111,-34.504549,0.0 -58.493684,-34.505356,0.0 -58.493661,-34.5054,0.0 -58.493078,-34.505132,0.0 -58.492485,-34.504864,0.0 -58.492117,-34.504697,0.0 -58.491167,-34.504263,0.0 -58.490196,-34.503828,0.0 -58.489235,-34.503384,0.0 -58.488296,-34.502958,0.0 -58.488285,-34.502949,0.0 -58.487335,-34.502523,0.0 -58.486374,-34.502089,0.0 -58.484895,-34.501413,0.0 -58.484431,-34.5012,0.0 -58.484269,-34.501126,0.0 -58.484128,-34.501071,0.0 -58.483848,-34.50095,0.0 -58.483675,-34.500858,0.0 -58.483071,-34.500581,0.0 -58.482973,-34.500534,0.0 -58.482628,-34.500377,0.0 -58.482552,-34.500358,0.0 -58.476361,-34.497762,0.0 -58.475281,-34.497309,0.0 -58.476523,-34.494312,0.0 -58.477335,-34.488818,0.0 -58.479037,-34.489618,0.0 -58.481418,-34.490537,0.0 -58.482488,-34.490991,0.0 -58.482725,-34.491084,0.0 -58.483384,-34.491362,0.0 -58.484453,-34.491807,0.0 -58.485166,-34.49214,0.0 -58.485295,-34.492205,0.0 -58.486645,-34.492815,0.0 -58.487271,-34.493093,0.0 -58.487948,-34.493382,0.0 -58.488124,-34.493464,0.0 -58.488243,-34.49351,0.0 -58.489452,-34.494047,0.0 -58.489581,-34.494112,0.0 -58.490208,-34.494389,0.0 -58.491006,-34.49475,0.0 -58.49214,-34.495259,0.0 -58.492237,-34.495305,0.0 -58.49309,-34.495685,0.0 -58.493166,-34.495722,0.0 -58.493317,-34.495787,0.0 -58.494051,-34.496129,0.0 -58.494601,-34.496378,0.0 -58.495012,-34.496563,0.0 -58.495163,-34.496628,0.0 -58.495541,-34.496804,0.0 -58.495972,-34.496998,0.0 -58.496911,-34.497442,0.0 -58.497354,-34.497645,0.0 -58.497567,-34.497732,0.0",Polygon Outer Boundary,
9,FID   17    <br>   ZONA_POLI   9,"-58.522841,-34.528714,0.0 -58.522295,-34.529474,0.0 -58.522284,-34.529483,0.0 -58.522217,-34.529581,0.0 -58.521414,-34.530699,0.0 -58.520577,-34.531888,0.0 -58.519752,-34.533051,0.0 -58.520076,-34.533208,0.0 -58.520281,-34.533309,0.0 -58.518743,-34.534121,0.0 -58.51793,-34.534545,0.0 -58.517172,-34.534942,0.0 -58.51636,-34.535356,0.0 -58.51558,-34.535771,0.0 -58.515116,-34.535531,0.0 -58.514565,-34.535255,0.0 -58.51341,-34.534682,0.0 -58.512979,-34.534461,0.0 -58.512072,-34.534009,0.0 -58.511338,-34.53364,0.0 -58.510281,-34.533114,0.0 -58.510129,-34.533058,0.0 -58.509966,-34.533047,0.0 -58.509124,-34.532623,0.0 -58.508606,-34.532365,0.0 -58.508542,-34.532328,0.0 -58.508477,-34.5323,0.0 -58.50744,-34.531802,0.0 -58.507375,-34.531774,0.0 -58.507278,-34.531737,0.0 -58.506252,-34.531247,0.0 -58.506155,-34.531192,0.0 -58.50659,-34.530584,0.0 -58.506769,-34.530324,0.0 -58.507003,-34.530003,0.0 -58.507438,-34.529404,0.0 -58.50785,-34.528849,0.0 -58.507873,-34.528814,0.0 -58.508285,-34.528232,0.0 -58.508698,-34.527642,0.0 -58.509111,-34.527061,0.0 -58.509534,-34.526498,0.0 -58.509757,-34.526212,0.0 -58.509991,-34.52589,0.0 -58.510426,-34.525291,0.0 -58.510872,-34.524692,0.0 -58.511395,-34.523995,0.0 -58.511462,-34.523905,0.0 -58.511877,-34.523339,0.0 -58.515091,-34.524805,0.0 -58.517359,-34.525929,0.0 -58.518622,-34.526574,0.0 -58.519668,-34.527109,0.0 -58.520737,-34.527644,0.0 -58.521816,-34.528179,0.0 -58.522841,-34.528714,0.0",Polygon Outer Boundary,
11,FID   18    <br>   ZONA_POLI   11,"-58.511852,-34.537673,0.0 -58.512702,-34.537289,0.0 -58.514646,-34.536256,0.0 -58.51558,-34.535771,0.0 -58.51636,-34.535356,0.0 -58.517172,-34.534942,0.0 -58.51793,-34.534545,0.0 -58.518743,-34.534121,0.0 -58.520281,-34.533309,0.0 -58.520562,-34.533439,0.0 -58.521879,-34.534085,0.0 -58.521911,-34.534103,0.0 -58.522958,-34.53462,0.0 -58.524005,-34.535137,0.0 -58.524038,-34.535155,0.0 -58.525074,-34.535663,0.0 -58.526132,-34.536179,0.0 -58.526154,-34.536189,0.0 -58.52719,-34.536696,0.0 -58.528248,-34.537213,0.0 -58.5295,-34.537831,0.0 -58.529185,-34.538441,0.0 -58.528848,-34.539068,0.0 -58.528522,-34.539704,0.0 -58.528195,-34.540332,0.0 -58.528173,-34.540376,0.0 -58.527858,-34.54095,0.0 -58.527498,-34.54164,0.0 -58.527606,-34.541695,0.0 -58.527671,-34.541723,0.0 -58.528912,-34.542341,0.0 -58.529053,-34.54237,0.0 -58.528999,-34.542387,0.0 -58.528211,-34.543271,0.0 -58.5279,-34.543619,0.0 -58.527378,-34.54419,0.0 -58.526602,-34.545037,0.0 -58.523925,-34.543682,0.0 -58.523245,-34.543341,0.0 -58.521604,-34.542511,0.0 -58.520072,-34.541745,0.0 -58.519424,-34.541422,0.0 -58.51855,-34.54097,0.0 -58.517481,-34.540426,0.0 -58.515776,-34.539578,0.0 -58.513832,-34.538636,0.0 -58.511965,-34.537731,0.0 -58.511852,-34.537673,0.0",Polygon Outer Boundary,
4,FID   19    <br>   ZONA_POLI   4,"-58.514391,-34.505413,0.0 -58.513687,-34.506505,0.0 -58.513318,-34.507087,0.0 -58.512926,-34.507695,0.0 -58.512354,-34.507436,0.0 -58.511784,-34.508295,0.0 -58.511304,-34.509011,0.0 -58.510812,-34.509754,0.0 -58.510209,-34.510666,0.0 -58.509628,-34.511543,0.0 -58.509047,-34.51242,0.0 -58.508064,-34.511985,0.0 -58.507125,-34.511569,0.0 -58.506142,-34.511125,0.0 -58.505224,-34.510717,0.0 -58.505181,-34.510699,0.0 -58.50422,-34.510255,0.0 -58.503281,-34.509821,0.0 -58.502298,-34.509368,0.0 -58.50138,-34.508951,0.0 -58.501348,-34.508933,0.0 -58.500398,-34.508498,0.0 -58.499448,-34.508055,0.0 -58.498487,-34.507611,0.0 -58.497537,-34.507176,0.0 -58.49663,-34.50676,0.0 -58.496576,-34.506741,0.0 -58.496501,-34.506704,0.0 -58.495604,-34.506297,0.0 -58.494655,-34.505854,0.0 -58.493661,-34.5054,0.0 -58.493684,-34.505356,0.0 -58.494111,-34.504549,0.0 -58.494145,-34.504469,0.0 -58.494168,-34.504415,0.0 -58.494629,-34.503546,0.0 -58.495136,-34.502587,0.0 -58.495158,-34.502551,0.0 -58.495419,-34.501905,0.0 -58.495486,-34.501807,0.0 -58.495896,-34.501047,0.0 -58.496354,-34.500104,0.0 -58.496387,-34.50005,0.0 -58.496669,-34.499476,0.0 -58.496984,-34.498885,0.0 -58.497567,-34.497732,0.0 -58.497829,-34.49784,0.0 -58.498607,-34.498192,0.0 -58.49947,-34.49858,0.0 -58.500388,-34.499014,0.0 -58.501381,-34.499468,0.0 -58.501737,-34.499634,0.0 -58.502331,-34.499902,0.0 -58.502461,-34.499958,0.0 -58.503314,-34.500346,0.0 -58.503605,-34.500485,0.0 -58.504328,-34.500818,0.0 -58.504965,-34.501105,0.0 -58.505235,-34.501234,0.0 -58.505516,-34.501363,0.0 -58.506218,-34.501678,0.0 -58.506261,-34.501705,0.0 -58.506801,-34.501946,0.0 -58.507157,-34.502112,0.0 -58.508129,-34.502547,0.0 -58.508204,-34.502584,0.0 -58.508625,-34.502778,0.0 -58.509124,-34.503002,0.0 -58.509813,-34.503324,0.0 -58.510126,-34.503462,0.0 -58.510428,-34.503601,0.0 -58.510482,-34.503629,0.0 -58.511141,-34.503925,0.0 -58.51221,-34.504406,0.0 -58.512383,-34.504489,0.0 -58.51332,-34.504923,0.0 -58.514391,-34.505413,0.0",Polygon Outer Boundary,
